band,fID,obsHistID
u,1419,2249
y,1419,5898
y,1419,12447
z,1419,13271
z,1419,13320
z,1419,46278
z,1419,46306
g,1419,159496
y,1419,161984
y,1419,167899
i,1419,174551
u,1419,179972
z,1445,180254
i,1331,181111
r,1419,181866
r,1419,181898
r,1419,182014
g,1427,183767
g,1331,183768
g,1566,183809
g,1445,183810
g,1427,183811
g,1331,183812
z,1427,184047
i,1445,184656
r,1427,185595
g,1331,185735
g,1427,185736
g,1309,185783
g,1427,185785
z,1445,187479
z,1427,187493
z,1427,187525
z,1309,187528
z,1546,187545
z,1427,187546
z,1331,187547
z,1309,187553
z,1427,187589
z,1427,187603
y,1445,188991
y,1427,188992
y,1427,188998
y,1427,189408
y,1427,189410
y,1445,189437
y,1427,189438
y,1427,190235
y,1445,190240
y,1427,190247
y,1427,190261
y,1427,190486
y,1331,190487
y,1309,190505
y,1427,190506
y,1331,191126
y,1309,191127
y,1309,191145
y,1331,191146
y,1309,191168
y,1309,191179
y,1309,191216
z,1419,191252
z,1427,191253
z,1427,191280
z,1427,191299
z,1427,191340
z,1309,191376
r,1427,192895
r,1427,193130
r,1427,193170
g,1309,193784
r,1331,193859
r,1419,193861
r,1331,193899
r,1427,195529
i,1427,196438
i,1427,196476
i,1427,196570
i,1427,196611
r,1427,197356
r,1427,197394
r,1445,199450
r,1427,199504
r,1427,199540
i,1427,200152
i,1546,200182
i,1427,200184
u,1427,200705
u,1427,200725
u,1331,200740
i,1331,203563
i,1427,203564
i,1427,203610
i,1331,204558
i,1309,204661
y,1427,206057
y,1331,206058
y,1331,207731
y,1445,207748
y,1445,207760
y,1427,207770
y,1419,207772
y,1427,207800
z,1331,208606
z,1309,209036
z,1309,209888
z,1419,209889
z,1566,210469
z,1445,210471
z,1427,210472
z,1427,210522
i,1309,211154
i,1309,211181
i,1427,211239
i,1419,211240
i,1427,211269
i,1309,211274
r,1445,212083
r,1331,212712
r,1331,212748
u,1427,217577
u,1546,217597
r,1427,219936
r,1427,219966
i,1309,227890
i,1331,227923
i,1427,228838
i,1427,228869
u,1427,235013
u,1309,235052
z,1445,236418
z,1445,236458
z,1427,237856
z,1331,237857
z,1445,237885
z,1427,237886
z,1427,238575
z,1427,238613
z,1331,238614
y,1427,242287
y,1331,242288
y,1427,246591
y,1309,246614
i,1331,248940
r,1309,250363
r,1331,250364
r,1427,250374
r,1419,250375
r,1331,250397
r,1445,250406
r,1427,250407
y,1427,252892
g,1427,254312
g,1445,254339
g,1427,254349
r,1419,261324
r,1419,261369
i,1427,261962
i,1427,261993
y,1445,263195
i,1419,263508
z,1309,263903
y,1331,266109
y,1309,266110
i,1427,269090
i,1427,269132
i,1419,269133
u,1427,277107
u,1419,277108
y,1445,282352
y,1427,282353
y,1419,282354
y,1309,282365
y,1309,284050
y,1427,284051
z,1427,286215
z,1427,286255
y,1419,291888
z,1427,295938
z,1427,295972
y,1419,306132
y,1427,306138
z,1445,308757
z,1331,308758
z,1309,308791
z,1546,314948
z,1419,314954
z,1419,314997
z,1427,316732
y,1309,390571
y,1419,390572
y,1427,390585
y,1331,390586
y,1427,390599
z,1427,395389
i,1309,397333
i,1445,397335
r,1427,398400
r,1419,398420
z,1546,398451
g,1419,399392
g,1309,399393
g,1331,399394
g,1309,400389
g,1427,400437
r,1331,401556
r,1427,401557
r,1331,401595
r,1427,401596
r,1445,405673
r,1419,405724
r,1419,405757
y,1445,406919
y,1331,406929
y,1427,406930
y,1309,407954
y,1445,407967
z,1309,408909
z,1427,409007
z,1419,409008
z,1331,409035
z,1427,409037
y,1427,410887
i,1427,410902
i,1427,410929
i,1546,411047
r,1445,416929
r,1331,416959
r,1445,416960
r,1309,417008
r,1419,417009
r,1419,417057
r,1427,417060
r,1427,417099
u,1427,417975
u,1546,417976
g,1331,419721
g,1427,419722
g,1427,419767
i,1427,420610
i,1427,420652
i,1419,420825
i,1309,421728
y,1331,424477
y,1331,425467
y,1427,425486
y,1419,425490
z,1331,427038
i,1419,428497
i,1427,428498
i,1427,428531
r,1427,429132
g,1331,430012
g,1331,430050
u,1427,431150
u,1445,431176
u,1331,431184
u,1419,431306
u,1427,433920
i,1445,433998
i,1566,434038
r,1445,436418
r,1309,436458
z,1427,436768
z,1419,436769
i,1546,437318
i,1427,437319
i,1331,437320
i,1427,437349
i,1309,437351
r,1427,439120
r,1331,440980
r,1427,440982
r,1445,440983
r,1427,441020
y,1427,443137
z,1427,443780
z,1331,443820
z,1427,443821
z,1419,443856
z,1309,443857
z,1309,443899
y,1331,444605
y,1445,444667
y,1427,444687
y,1427,444737
y,1427,444751
r,1331,445708
i,1331,446616
r,1427,447526
r,1427,448301
r,1427,448346
g,1445,449859
g,1427,449903
g,1419,449904
g,1427,449954
g,1419,449955
r,1309,451455
r,1331,451456
r,1546,451512
r,1419,452599
r,1309,456721
r,1566,456731
y,1309,458257
y,1427,458259
i,1331,458496
i,1427,458622
i,1445,458667
i,1427,458668
i,1419,458669
y,1309,461449
y,1427,461451
y,1419,461470
z,1445,462676
i,1309,464185
u,1427,465984
u,1309,466033
u,1419,466708
u,1445,467455
r,1427,470398
y,1427,471884
y,1331,471885
i,1419,472840
z,1309,474771
z,1331,474778
z,1427,474779
z,1427,474805
z,1309,474807
y,1309,475531
z,1331,476291
z,1331,476327
z,1427,476328
z,1427,476369
z,1419,477790
i,1309,478927
i,1309,478975
g,1419,479256
g,1427,479257
g,1309,479284
g,1427,479286
g,1331,479358
i,1427,479666
i,1427,479703
i,1445,479759
z,1427,484866
z,1309,484904
z,1331,484905
z,1427,484906
r,1427,490000
i,1546,496949
i,1419,496950
i,1427,496953
i,1309,496987
y,1309,500814
y,1419,510403
y,1419,510417
i,1309,512050
y,1445,512654
y,1427,512655
y,1427,513434
z,1309,516293
z,1427,516300
z,1309,516331
z,1419,516336
z,1445,523888
z,1427,523889
z,1419,523890
y,1427,530317
y,1427,532800
y,1309,532825
y,1331,532826
y,1419,532827
z,1427,538392
z,1309,538393
z,1427,538431
z,1309,538433
y,1419,541807
y,1419,552246
i,1427,614607
i,1427,614643
u,1445,615741
u,1427,615742
u,1419,615746
u,1309,615747
g,1331,617750
g,1427,617751
g,1427,617785
g,1445,617786
z,1427,627968
z,1419,627971
z,1331,627997
z,1309,627998
z,1427,628000
y,1309,631527
y,1419,631532
y,1309,631544
r,1427,632472
r,1427,632507
g,1309,633680
i,1427,635872
i,1427,635910
g,1331,637816
g,1309,637848
g,1309,637879
r,1309,638788
r,1309,638820
r,1331,638821
r,1331,638837
r,1427,638838
r,1427,638862
r,1445,638872
r,1445,638917
i,1419,641075
r,1331,643042
y,1427,645549
y,1427,645586
y,1427,646585
y,1427,646601
y,1427,646616
y,1566,647529
y,1427,647533
y,1331,647534
y,1309,647543
y,1419,647544
z,1419,648513
z,1445,648519
y,1309,651598
i,1331,654423
i,1445,654481
i,1427,654482
i,1419,654510
i,1427,654515
i,1331,654535
i,1427,654536
i,1427,654562
u,1427,657400
u,1445,657428
u,1419,657449
u,1427,658295
u,1309,660226
u,1309,660233
r,1445,661025
r,1427,661026
r,1427,661061
u,1331,661558
u,1427,662433
g,1427,662539
g,1309,662543
g,1546,662583
g,1427,662586
g,1309,662593
y,1331,664534
y,1309,664542
i,1331,665661
i,1427,665663
i,1427,665701
i,1419,665702
y,1427,667122
y,1309,667140
y,1331,667147
y,1427,667149
y,1419,667158
i,1427,670722
i,1427,670765
i,1445,670766
i,1445,670967
i,1427,670968
i,1427,671002
i,1331,671023
g,1331,671596
g,1566,671618
r,1427,671658
r,1427,674104
u,1309,675089
r,1419,676805
r,1309,676806
r,1331,676807
r,1427,676808
r,1309,676839
r,1427,676841
r,1331,676852
r,1331,676894
i,1309,678515
i,1309,678538
u,1427,680166
g,1309,680275
i,1309,682855
r,1427,684468
i,1445,685652
i,1427,685689
i,1427,685716
i,1309,685757
y,1427,687276
i,1331,687401
i,1445,687404
i,1427,687405
i,1331,687429
i,1427,687440
z,1331,688415
z,1427,688416
z,1427,688451
y,1427,689831
y,1419,689832
y,1427,689840
z,1427,691013
z,1419,691047
z,1427,691048
r,1331,693009
i,1331,693453
r,1427,693870
r,1309,693967
r,1331,693968
r,1427,693974
r,1445,693997
r,1427,693998
r,1331,694210
g,1427,694815
r,1427,696246
g,1419,697992
r,1427,698621
u,1309,699447
u,1419,699448
u,1546,700988
r,1309,701057
r,1309,701086
r,1331,701129
g,1427,703723
g,1445,703768
g,1427,703769
r,1427,704745
r,1331,705395
r,1427,705396
r,1546,705397
r,1331,705439
r,1427,705440
r,1546,705441
r,1427,706922
z,1427,707630
z,1309,707631
z,1331,707639
z,1427,707660
z,1309,707669
z,1546,707672
z,1309,707715
y,1309,709970
y,1427,709972
z,1331,711858
z,1546,712356
z,1309,712519
z,1309,712574
i,1419,714075
r,1445,715235
r,1419,715236
r,1419,718871
g,1419,719589
z,1427,721609
z,1445,721618
z,1427,721639
r,1309,721759
z,1309,724501
z,1419,726567
z,1427,726568
z,1427,726608
i,1445,731763
i,1427,731764
i,1331,731788
y,1309,738182
y,1427,738185
y,1427,738200
y,1427,738202
u,1445,739650
u,1427,742408
z,1546,745914
y,1419,748062
z,1419,749661
z,1427,749662
z,1427,749698
z,1309,750232
y,1331,751795
y,1309,751844
y,1427,752723
y,1331,753438
r,1309,755160
r,1445,759434
y,1427,765259
i,1427,766975
i,1427,767016
z,1445,769987
z,1427,769988
z,1427,770035
y,1445,771661
y,1427,772396
z,1427,778844
g,1445,781408
g,1419,781417
g,1309,781419
g,1427,781420
u,1427,782200
g,1427,785475
y,1546,787923
r,1427,787962
y,1419,791345
y,1309,791368
z,1427,796365
y,1546,799044
y,1419,799045
y,1427,799046
y,1309,799047
y,1445,876978
y,1445,878094
y,1427,879101
y,1427,879117
i,1331,886316
g,1419,888374
g,1427,888380
g,1427,888403
g,1419,888404
g,1331,888406
r,1445,889405
r,1427,889408
r,1445,889447
r,1331,889449
r,1546,889457
r,1427,889458
r,1445,896672
r,1445,896697
r,1331,896739
r,1427,896821
r,1419,896822
r,1427,896845
i,1427,898736
i,1427,898766
i,1427,898787
y,1427,901603
z,1331,902858
z,1427,903692
z,1427,903729
z,1427,903742
z,1427,903765
i,1427,906932
i,1331,906935
i,1427,906980
i,1331,906983
u,1427,911592
r,1331,913624
u,1331,914645
u,1427,914646
i,1309,915756
i,1309,915803
r,1427,916726
r,1427,916788
i,1427,918807
i,1566,919461
i,1331,919513
i,1309,919514
i,1331,919559
i,1419,919560
r,1427,920424
g,1309,921284
g,1309,921309
g,1419,921310
g,1445,921342
r,1331,923017
r,1331,923056
r,1309,924894
r,1546,924926
r,1419,924928
r,1309,924929
r,1427,924934
r,1427,924974
g,1427,927715
g,1331,927716
g,1427,927749
r,1331,928525
r,1427,928526
r,1427,928549
r,1331,928550
r,1309,928551
r,1419,928616
i,1427,929430
i,1331,929431
i,1427,929467
i,1427,932122
i,1445,932125
i,1419,932130
i,1427,932167
i,1445,932168
i,1419,932171
r,1427,932974
i,1331,933770
i,1331,933818
y,1309,936448
y,1427,936458
y,1331,936459
y,1427,936494
y,1419,936531
y,1309,936573
y,1445,937290
y,1427,937329
y,1427,937336
y,1331,938154
y,1427,938155
y,1419,938229
g,1309,943244
g,1331,943245
r,1427,943907
r,1427,944853
r,1427,944884
i,1309,945705
i,1419,945710
r,1427,946375
u,1427,947264
u,1427,947284
u,1331,947285
u,1566,947290
u,1309,947317
u,1427,949567
u,1331,949587
u,1419,949606
i,1546,951271
i,1427,951272
i,1427,951315
g,1445,951987
g,1427,952002
g,1427,952077
r,1427,952767
i,1331,953555
r,1445,954400
r,1427,955117
i,1427,955484
i,1546,955485
i,1427,955518
y,1331,956198
y,1309,956234
z,1419,957632
r,1331,958607
r,1309,958612
g,1419,960222
g,1419,960252
r,1309,963223
i,1427,965402
i,1427,965451
r,1309,966137
r,1419,966178
z,1427,968196
z,1427,968226
z,1309,968978
z,1419,968993
r,1427,969018
r,1309,970737
z,1419,971045
z,1309,971046
z,1419,971087
z,1427,972811
z,1445,972851
z,1427,972852
z,1445,973521
z,1309,974818
z,1331,974819
y,1427,975160
y,1427,975170
y,1566,975200
i,1309,976168
i,1331,976169
i,1309,976319
i,1427,976320
i,1546,976322
i,1309,976356
i,1427,976357
i,1419,976371
i,1427,976375
r,1309,982906
r,1331,982974
r,1427,988528
y,1419,989173
y,1427,989174
y,1331,989176
y,1445,991360
z,1427,992262
z,1419,992264
z,1427,992293
z,1419,992294
y,1427,992909
y,1445,994216
y,1419,994244
i,1427,994962
i,1445,994992
i,1427,994993
i,1419,994994
g,1427,998847
g,1427,998877
i,1419,1000779
z,1309,1003699
z,1427,1006662
z,1445,1006663
z,1309,1006675
z,1445,1006697
z,1427,1006698
z,1309,1006706
y,1427,1009715
y,1419,1009716
y,1309,1009808
y,1331,1009809
y,1419,1011324
i,1419,1013664
i,1309,1013668
i,1427,1013669
z,1427,1014261
z,1427,1014292
g,1419,1016814
z,1309,1020566
z,1331,1020567
r,1331,1027032
r,1419,1027045
r,1427,1028670
r,1309,1028671
r,1419,1028708
i,1331,1029802
z,1445,1030541
y,1331,1032142
y,1309,1032143
y,1427,1032144
y,1419,1032211
y,1427,1032212
y,1419,1033953
y,1309,1033954
y,1427,1034735
y,1427,1038999
z,1331,1041598
z,1445,1041599
z,1427,1041603
z,1309,1041604
z,1419,1041606
z,1419,1044112
z,1309,1047470
z,1427,1049266
z,1309,1049267
y,1546,1051935
y,1419,1051936
y,1309,1051947
g,1427,1128100
y,1331,1136055
y,1427,1136080
y,1419,1136082
y,1445,1136085
y,1427,1136128
y,1331,1138141
y,1309,1138143
y,1427,1138145
y,1427,1138154
y,1427,1140240
y,1419,1141268
r,1309,1145295
g,1331,1148149
g,1331,1148194
g,1427,1148195
g,1427,1148232
g,1445,1148276
u,1427,1151374
u,1427,1151383
u,1331,1151387
r,1427,1153284
r,1445,1153314
r,1427,1153315
i,1309,1157697
i,1427,1157702
i,1427,1158507
i,1419,1158520
i,1427,1158534
y,1427,1161449
y,1331,1161450
y,1309,1161451
y,1427,1162429
y,1331,1162430
i,1419,1166722
i,1427,1166723
i,1419,1166757
i,1427,1166758
u,1427,1168170
u,1427,1169096
g,1309,1170053
g,1419,1170094
r,1427,1170830
r,1427,1171853
r,1427,1171888
z,1427,1172963
z,1546,1172967
z,1427,1172992
z,1419,1172993
i,1309,1173729
i,1309,1174555
i,1419,1174608
y,1427,1175308
y,1331,1175309
y,1419,1175348
y,1309,1177035
y,1419,1177036
y,1427,1177037
z,1427,1178286
z,1419,1178323
z,1427,1178324
z,1427,1178334
y,1445,1178846
y,1427,1178857
z,1331,1179994
z,1331,1180040
z,1309,1180041
r,1445,1182358
r,1427,1182359
r,1427,1182409
r,1445,1182478
r,1419,1182521
r,1566,1182587
r,1309,1182653
r,1331,1182654
r,1427,1183929
r,1331,1185161
r,1331,1185198
r,1309,1185200
i,1445,1185706
i,1427,1185856
i,1309,1185892
i,1427,1185894
r,1419,1186056
u,1331,1186513
u,1546,1186571
u,1419,1186578
u,1427,1187370
u,1331,1188216
r,1309,1188372
r,1309,1188407
r,1419,1188410
r,1427,1189943
r,1419,1189944
r,1331,1189946
r,1427,1189973
r,1419,1189974
r,1331,1189975
r,1309,1189976
r,1427,1192098
r,1309,1192102
r,1419,1192125
r,1427,1192128
r,1427,1192987
r,1427,1193022
r,1309,1193739
z,1427,1194149
g,1427,1194630
g,1427,1194668
r,1445,1195308
r,1427,1195309
r,1331,1195310
r,1419,1195311
r,1445,1195342
r,1427,1195343
i,1445,1196154
i,1546,1196252
i,1427,1196401
i,1427,1196456
z,1331,1196530
z,1331,1197607
z,1309,1197610
z,1309,1197654
z,1427,1198526
i,1331,1198832
y,1427,1199275
y,1419,1199297
y,1309,1199300
z,1427,1200300
z,1427,1200344
y,1445,1200783
y,1427,1200836
y,1331,1200837
u,1427,1204924
i,1427,1205926
i,1427,1205971
i,1419,1205978
i,1331,1206031
i,1309,1206032
g,1331,1206126
g,1309,1206127
g,1427,1206428
g,1427,1206459
i,1419,1209262
i,1427,1209686
i,1445,1209687
i,1419,1209723
i,1427,1209724
z,1445,1211674
z,1427,1211705
z,1427,1211728
i,1419,1212792
i,1427,1212793
i,1427,1212826
i,1331,1212859
i,1309,1212860
z,1331,1213024
z,1427,1213025
z,1427,1213065
z,1309,1213066
z,1546,1218058
z,1331,1218063
z,1309,1218093
z,1331,1218094
y,1427,1220933
y,1419,1220940
z,1419,1221624
z,1427,1221625
z,1427,1223100
u,1419,1223188
u,1309,1223190
r,1427,1224718
r,1427,1224748
r,1331,1224816
g,1427,1225482
g,1309,1225497
g,1445,1225511
g,1427,1225512
r,1427,1230339
i,1331,1231297
i,1331,1231330
i,1309,1231945
i,1427,1231985
i,1427,1232013
u,1427,1237357
u,1309,1238083
r,1419,1240152
r,1427,1240153
r,1331,1240177
r,1419,1240182
r,1427,1240183
i,1427,1243717
i,1427,1243759
r,1331,1245154
r,1331,1245187
i,1427,1246568
i,1309,1246569
i,1427,1246615
r,1309,1254590
r,1427,1254591
r,1419,1254592
r,1427,1254623
i,1546,1255219
i,1331,1255262
g,1427,1257583
g,1427,1260426
g,1427,1260458
u,1331,1261905
u,1566,1261938
u,1427,1261941
r,1427,1265026
r,1427,1265076
r,1331,1265876
i,1309,1266592
i,1419,1266594
i,1427,1267452
y,1309,1268115
y,1427,1268913
y,1419,1268914
y,1427,1269835
z,1331,1270529
y,1427,1272214
z,1445,1274637
z,1427,1274638
z,1427,1274696
i,1427,1280437
i,1309,1280438
z,1309,1282822
z,1445,1282851
z,1309,1282855
u,1419,1284643
i,1546,1286332
z,1427,1287961
z,1427,1287993
y,1427,1291411
y,1309,1291412
y,1331,1291413
y,1427,1291415
y,1309,1291416
y,1419,1291418
y,1546,1291419
y,1427,1292303
y,1546,1292304
z,1309,1293799
y,1419,1298235
y,1309,1383201
z,1427,1384071
z,1309,1384076
z,1427,1384115
z,1309,1384119
y,1427,1385105
y,1427,1385107
y,1309,1385126
y,1419,1385176
r,1445,1396131
r,1419,1398048
r,1427,1398049
r,1566,1398051
r,1419,1398086
r,1427,1398087
r,1427,1398188
r,1427,1398219
r,1331,1398221
i,1427,1401102
i,1427,1401125
i,1419,1401163
i,1309,1401164
i,1445,1401172
y,1419,1403827
y,1427,1403828
y,1445,1403834
u,1427,1404874
u,1427,1404901
i,1427,1405916
i,1427,1405954
i,1546,1406788
i,1309,1406827
r,1331,1407857
i,1427,1411482
i,1427,1411512
r,1427,1412275
g,1427,1412470
g,1427,1412506
i,1309,1413121
i,1331,1413122
g,1331,1413598
g,1309,1413646
g,1331,1413648
g,1427,1413649
g,1427,1413678
g,1445,1413738
r,1427,1414016
g,1309,1414539
g,1309,1414574
z,1427,1416240
z,1445,1416241
u,1427,1416678
i,1331,1416698
u,1331,1416995
u,1419,1417560
u,1445,1417796
u,1419,1418333
u,1427,1419149
r,1419,1419344
r,1427,1419345
r,1309,1419350
r,1546,1419375
r,1427,1419379
r,1419,1419381
r,1419,1419487
r,1331,1419489
r,1331,1419530
i,1419,1421045
i,1427,1421046
i,1419,1421092
i,1427,1421094
i,1309,1422069
r,1427,1422642
y,1445,1422975
r,1427,1423375
r,1445,1423382
r,1427,1423427
y,1419,1424173
r,1309,1424209
i,1427,1425237
i,1427,1425268
i,1309,1425270
z,1309,1426661
z,1427,1426663
z,1427,1426706
z,1331,1426798
y,1331,1427240
y,1427,1427245
y,1445,1427259
y,1445,1427335
y,1427,1427336
y,1419,1427339
y,1309,1427340
y,1546,1430799
y,1427,1431095
i,1427,1432668
i,1546,1432676
i,1427,1432701
i,1331,1432716
r,1445,1433847
u,1331,1436949
u,1309,1436950
g,1419,1437835
u,1427,1439089
z,1427,1439481
z,1427,1439512
r,1309,1439872
r,1427,1439874
r,1427,1439918
r,1331,1442198
r,1331,1442239
y,1309,1443290
y,1427,1443809
y,1445,1443838
y,1566,1443839
y,1427,1443853
y,1427,1443913
z,1427,1444904
z,1427,1444935
z,1419,1445002
z,1331,1445081
z,1331,1445122
y,1445,1445388
y,1331,1445391
y,1419,1445393
i,1427,1447989
i,1427,1448011
i,1331,1448046
i,1419,1448050
i,1309,1448071
i,1546,1448089
i,1309,1448119
g,1309,1449910
g,1331,1449911
g,1427,1450095
z,1445,1450369
z,1309,1451098
r,1419,1451478
r,1427,1453722
r,1427,1453766
r,1309,1456390
r,1331,1456425
g,1427,1457940
z,1427,1458081
z,1445,1458084
z,1427,1458110
i,1419,1459149
i,1445,1459150
z,1419,1459510
i,1546,1459720
i,1427,1459722
i,1427,1459752
i,1309,1460590
i,1427,1462587
i,1331,1462589
i,1309,1462590
i,1427,1462617
i,1309,1462619
i,1331,1462620
i,1566,1462696
y,1427,1463719
y,1427,1464308
y,1309,1464314
y,1331,1464315
r,1445,1467193
r,1445,1467225
r,1427,1467285
r,1445,1467286
r,1309,1467292
i,1331,1468143
i,1445,1468189
r,1427,1468776
r,1427,1468810
g,1309,1470078
g,1427,1470171
u,1331,1471710
u,1427,1471711
u,1309,1472177
g,1331,1472926
r,1309,1475020
r,1419,1475029
r,1331,1476379
z,1427,1477411
z,1419,1477414
i,1427,1479671
i,1427,1479710
i,1419,1480424
i,1419,1480473
i,1427,1480973
i,1445,1480988
i,1427,1480989
z,1566,1482257
z,1445,1482296
y,1309,1482965
y,1427,1482973
z,1427,1483816
z,1419,1483859
z,1427,1483860
y,1427,1484493
y,1419,1484494
i,1331,1486103
i,1309,1486110
i,1309,1486134
i,1309,1486143
g,1445,1488143
g,1427,1488144
g,1419,1488145
y,1419,1490145
y,1427,1490148
r,1331,1490863
r,1309,1490864
r,1309,1490897
r,1546,1491602
r,1427,1491603
r,1427,1491633
u,1427,1492275
u,1309,1492278
z,1309,1492938
z,1331,1492969
r,1427,1493058
r,1546,1493087
r,1427,1493088
r,1331,1498184
r,1309,1498185
r,1427,1499666
r,1427,1499694
y,1427,1503360
y,1309,1503361
z,1419,1504172
z,1427,1504173
z,1427,1504206
i,1427,1505741
i,1309,1505742
i,1419,1505753
i,1546,1506548
g,1427,1509745
y,1309,1510430
y,1331,1510431
g,1427,1510491
g,1419,1510492
g,1331,1510517
g,1427,1510518
g,1309,1510569
u,1419,1514480
u,1427,1514481
u,1309,1516130
r,1427,1519448
r,1309,1519449
r,1331,1519450
r,1419,1519472
r,1427,1519473
r,1309,1519475
z,1331,1520230
z,1331,1520259
z,1309,1521032
z,1309,1521063
y,1427,1521862
y,1427,1526889
z,1427,1527797
y,1427,1529805
i,1309,1529841
i,1331,1600527
y,1309,1616918
y,1427,1617040
y,1309,1617050
y,1331,1617051
i,1331,1628660
i,1427,1628661
i,1427,1628693
i,1566,1628695
i,1445,1628747
y,1546,1628980
i,1419,1630590
z,1427,1632981
z,1419,1632982
z,1427,1633002
z,1445,1633003
z,1427,1633016
z,1445,1633017
z,1427,1633046
z,1331,1633134
z,1309,1633206
z,1309,1634363
z,1309,1634396
z,1331,1634397
y,1427,1634971
y,1427,1635087
y,1427,1635092
y,1419,1635093
y,1309,1635095
y,1331,1635096
y,1309,1636134
y,1427,1636328
z,1331,1636460
z,1309,1636461
r,1427,1636956
r,1445,1637163
r,1427,1639296
r,1309,1640219
r,1309,1640248
u,1427,1640279
r,1331,1640302
u,1445,1641133
u,1309,1641182
u,1331,1641190
z,1331,1641527
z,1309,1641528
u,1427,1642074
i,1427,1643181
i,1427,1643211
u,1331,1643836
u,1309,1643839
i,1427,1643883
i,1419,1643884
i,1419,1643926
i,1427,1643927
g,1427,1645582
g,1331,1645583
g,1309,1645584
g,1546,1645626
g,1427,1645627
i,1546,1646714
z,1546,1647616
z,1546,1647649
i,1331,1648089
i,1427,1648090
i,1445,1648091
i,1427,1648121
i,1445,1648122
i,1419,1648149
i,1309,1648780
y,1309,1650357
y,1419,1650366
r,1427,1650742
r,1331,1650751
r,1309,1650752
y,1445,1651576
y,1427,1651585
y,1309,1651587
i,1309,1651890
z,1419,1651947
z,1427,1651948
y,1331,1652484
y,1445,1652486
y,1427,1652487
y,1427,1653320
y,1445,1654168
y,1427,1654180
z,1427,1656229
z,1419,1656230
z,1427,1656264
z,1427,1656284
z,1427,1656314
z,1331,1656347
z,1331,1657097
z,1331,1657136
i,1427,1658794
i,1419,1658795
i,1427,1658833
i,1419,1658834
r,1427,1659231
i,1309,1659458
r,1331,1660224
r,1419,1660462
r,1427,1660479
r,1331,1660489
r,1419,1660490
r,1427,1660507
r,1309,1662503
u,1427,1664030
u,1546,1664050
g,1427,1665450
g,1419,1665451
g,1427,1665488
g,1309,1666211
r,1427,1668445
r,1309,1669408
i,1419,1669822
i,1309,1669823
i,1331,1669824
r,1427,1670568
r,1445,1670881
z,1566,1671776
z,1445,1671777
y,1427,1672503
y,1427,1672519
y,1331,1672520
y,1427,1674067
y,1546,1674068
y,1309,1674109
i,1331,1676963
i,1309,1676964
i,1427,1677715
i,1546,1677716
r,1427,1678139
r,1331,1678163
r,1427,1678177
r,1419,1678178
r,1309,1678402
u,1427,1681502
u,1309,1681523
u,1419,1681610
g,1445,1683286
z,1331,1686076
i,1427,1686350
i,1427,1686391
z,1427,1687520
z,1427,1687560
r,1427,1687568
i,1309,1688312
i,1419,1688313
z,1427,1689935
z,1419,1689973
z,1427,1689974
z,1309,1689976
z,1419,1690576
z,1445,1690589
z,1419,1690604
z,1309,1690605
y,1419,1691407
y,1331,1691408
y,1427,1693520
y,1419,1694242
y,1331,1694244
z,1331,1694972
z,1427,1694973
z,1331,1695039
z,1427,1695040
i,1427,1695231
i,1419,1695232
i,1427,1695264
i,1309,1695375
i,1309,1695423
r,1427,1695907
r,1331,1696701
r,1331,1696731
u,1546,1700648
u,1445,1701450
u,1427,1701451
r,1427,1702794
r,1427,1702832
r,1546,1702893
g,1427,1704147
g,1309,1704170
g,1427,1704179
r,1445,1705103
z,1546,1705718
r,1309,1707917
i,1427,1708677
i,1427,1708706
y,1445,1713971
y,1427,1714239
y,1445,1714247
y,1309,1714248
i,1427,1714930
i,1309,1714933
i,1419,1716416
g,1445,1718269
g,1331,1718388
g,1427,1718941
g,1427,1718974
g,1419,1718975
r,1309,1719687
r,1427,1719762
r,1419,1719763
r,1427,1719783
r,1419,1719805
u,1331,1723136
u,1309,1723137
u,1427,1723164
g,1309,1725428
r,1427,1727373
r,1427,1727402
y,1427,1727993
i,1427,1728909
z,1427,1729437
z,1427,1729477
i,1427,1730291
i,1419,1730292
i,1427,1730322
i,1309,1730386
y,1309,1734081
y,1445,1734083
y,1331,1734131
y,1427,1737783
y,1419,1737784
r,1419,1737919
g,1445,1739440
g,1309,1740205
g,1309,1740230
r,1445,1743243
z,1546,1743916
r,1427,1743995
r,1419,1744024
r,1427,1744025
r,1331,1744026
z,1309,1744706
u,1419,1746999
u,1427,1747000
r,1309,1749465
r,1309,1749496
z,1427,1750230
z,1331,1750232
z,1427,1750270
z,1445,1750271
z,1331,1750272
z,1309,1750273
i,1546,1751109
i,1309,1751126
i,1427,1751127
i,1419,1751129
i,1419,1751160
i,1445,1751878
y,1427,1754326
y,1427,1755955
z,1427,1762469
z,1445,1762501
z,1427,1762502
r,1419,1764206
r,1427,1764208
g,1427,1766775
g,1331,1766776
z,1445,1767602
z,1331,1767603
z,1309,1767604
z,1427,1767605
z,1427,1767640
y,1427,1774490
y,1546,1774491
y,1309,1774505
y,1427,1774506
y,1445,1852902
y,1309,1869876
y,1427,1869913
r,1309,1876743
r,1331,1876744
r,1427,1876746
r,1419,1876747
i,1427,1877617
i,1427,1877648
g,1427,1878740
g,1331,1878741
g,1309,1878742
r,1445,1879571
r,1546,1879644
r,1309,1879649
u,1331,1882602
u,1427,1882603
u,1445,1882604
u,1309,1882611
g,1331,1885118
g,1427,1885119
g,1427,1885154
g,1331,1885155
g,1309,1885156
r,1445,1886249
r,1427,1886250
r,1331,1886252
r,1427,1886281
z,1427,1890291
y,1419,1891757
y,1427,1891764
y,1445,1891769
i,1427,1891836
i,1419,1891837
i,1546,1891855
y,1427,1892676
y,1445,1892677
y,1427,1892779
y,1546,1892784
y,1419,1892786
y,1309,1892787
y,1309,1892793
y,1427,1893669
y,1419,1893717
y,1331,1894951
y,1309,1894987
y,1427,1895020
i,1331,1896758
i,1427,1896760
i,1427,1896789
i,1427,1896831
i,1331,1896833
i,1331,1896879
i,1309,1896880
i,1427,1896893
r,1427,1899504
u,1331,1903033
u,1427,1903088
u,1427,1903996
u,1445,1904029
i,1427,1907745
i,1546,1907746
i,1427,1907780
i,1419,1907789
i,1331,1907791
i,1419,1907824
r,1427,1908790
r,1445,1908824
r,1427,1908825
r,1419,1908826
r,1427,1909354
z,1427,1909621
r,1427,1910238
r,1331,1910239
r,1309,1910240
r,1427,1910278
r,1331,1910281
r,1566,1910367
r,1445,1910725
z,1419,1912830
y,1445,1913409
y,1331,1914277
y,1427,1914278
y,1419,1914287
z,1445,1915315
z,1427,1915316
y,1427,1916132
y,1309,1916135
r,1427,1919106
r,1427,1919142
g,1427,1919934
g,1419,1919962
g,1427,1919969
g,1445,1921599
g,1445,1921640
z,1309,1922552
z,1445,1922554
z,1427,1922566
z,1419,1922567
i,1419,1923008
i,1546,1923016
i,1427,1923017
i,1309,1923057
i,1445,1923070
i,1427,1923071
u,1427,1923757
i,1309,1926390
i,1331,1926391
i,1309,1926427
i,1331,1926428
i,1445,1926431
i,1309,1929235
i,1427,1929237
i,1427,1929269
i,1309,1929272
i,1419,1929368
z,1445,1929954
z,1427,1929956
z,1427,1929986
z,1309,1930036
r,1427,1931738
y,1427,1932411
z,1309,1933278
z,1419,1933310
z,1309,1933311
z,1427,1934097
z,1546,1934128
z,1445,1934133
z,1427,1934134
y,1331,1934971
y,1419,1935741
y,1427,1935744
i,1445,1938801
i,1427,1938802
i,1419,1938803
i,1331,1938805
i,1309,1938806
i,1427,1938838
i,1419,1938839
i,1309,1938846
r,1427,1939254
r,1445,1940068
r,1331,1940353
g,1427,1940816
g,1427,1940853
r,1427,1943924
i,1427,1945359
i,1427,1945409
r,1309,1946904
r,1331,1946937
r,1427,1946971
r,1445,1947006
r,1427,1947007
r,1419,1947008
z,1309,1948066
z,1331,1948067
z,1445,1948069
z,1331,1948103
y,1427,1949405
y,1427,1949415
y,1427,1949425
y,1309,1950073
y,1419,1950074
y,1331,1951730
z,1331,1951974
z,1331,1952531
z,1331,1952573
z,1427,1952593
z,1427,1952643
i,1546,1954370
i,1419,1954374
i,1427,1954375
i,1419,1954406
i,1427,1954407
r,1419,1955927
u,1445,1957583
y,1566,1958247
y,1427,1958252
y,1331,1958253
y,1309,1958254
u,1427,1958293
u,1419,1959369
y,1427,1961432
z,1427,1964175
z,1427,1964222
z,1445,1964223
r,1309,1965112
r,1331,1965157
i,1445,1971339
i,1427,1971340
i,1445,1971365
i,1427,1971366
i,1419,1971367
i,1331,1971383
r,1427,1971895
r,1331,1974790
r,1419,1974813
r,1331,1974819
z,1427,1975236
r,1427,1976725
r,1427,1976746
u,1427,1977343
u,1331,1978758
g,1331,1982393
g,1309,1982394
g,1427,1982490
g,1427,1982532
z,1331,1983643
r,1419,1984399
r,1309,1984400
r,1419,1984439
r,1309,1984440
i,1309,1985266
i,1331,1985302
z,1427,1988704
z,1427,1988745
z,1419,1988746
y,1427,1993014
y,1427,1993029
y,1331,1993035
r,1427,1995390
y,1445,1995958
i,1427,1997545
i,1546,1997558
i,1331,1997576
i,1427,1997579
i,1419,1997587
r,1427,1998292
r,1309,1998314
r,1419,1998320
r,1427,1998321
r,1331,1998341
z,1309,2001098
z,1309,2001129
z,1427,2004927
y,1427,2006473
y,1419,2006474
r,1419,2006620
z,1331,2009584
z,1427,2009585
z,1427,2009626
z,1309,2009628
y,1427,2014490
y,1445,2014491
i,1427,2016186
r,1331,2017791
r,1445,2017792
r,1427,2017820
r,1309,2017821
i,1419,2018211
g,1309,2020683
g,1419,2020684
u,1427,2023133
u,1309,2023142
u,1427,2023143
u,1331,2024004
u,1445,2024005
u,1309,2024006
u,1419,2024015
u,1331,2024016
z,1427,2026517
g,1427,2026564
z,1309,2027389
i,1309,2029069
i,1427,2029070
y,1566,2029604
y,1427,2029605
i,1427,2029649
i,1419,2029650
y,1419,2040194
i,1445,2122230
i,1445,2122280
y,1427,2122292
y,1427,2122298
y,1309,2122314
y,1331,2122315
z,1309,2129136
y,1427,2130213
z,1427,2134344
r,1309,2135713
r,1445,2135720
r,1419,2135748
g,1427,2136796
g,1427,2136829
g,1419,2137660
u,1309,2138530
u,1427,2138534
r,1331,2140400
r,1427,2140401
r,1427,2140442
i,1445,2143263
i,1427,2143422
i,1331,2143426
i,1427,2143463
i,1427,2143475
i,1427,2145623
i,1427,2145656
i,1309,2145677
r,1427,2146603
r,1427,2148199
r,1331,2148322
r,1427,2148344
r,1309,2148356
r,1427,2148376
y,1331,2149158
y,1427,2149159
y,1331,2151024
y,1427,2151025
y,1445,2151026
y,1546,2151092
i,1419,2151358
y,1445,2152032
y,1427,2152043
y,1419,2152044
y,1309,2152045
z,1419,2152267
y,1331,2152977
y,1427,2152978
y,1419,2152986
y,1566,2153887
y,1427,2153897
z,1445,2154118
z,1445,2154161
z,1445,2155438
z,1546,2155521
z,1427,2155616
z,1427,2155653
z,1331,2157191
z,1331,2157194
z,1427,2157195
z,1427,2157229
z,1309,2157231
i,1331,2158135
z,1419,2159122
z,1427,2159123
z,1331,2159124
z,1309,2159125
r,1427,2159808
r,1427,2159856
r,1309,2160862
r,1427,2161406
g,1309,2161572
g,1331,2161573
g,1427,2161671
g,1427,2161707
i,1427,2162224
i,1309,2162254
i,1427,2162255
i,1445,2162256
r,1419,2163157
r,1445,2163167
r,1309,2163191
r,1419,2163192
r,1331,2163238
u,1427,2163829
u,1419,2163878
u,1427,2164651
i,1331,2167009
i,1427,2167010
i,1331,2167042
i,1427,2167043
i,1546,2167044
r,1419,2168564
i,1309,2169459
i,1309,2169489
r,1427,2169802
z,1309,2170215
r,1445,2170600
r,1331,2170615
r,1445,2170640
r,1419,2170704
y,1427,2172526
y,1445,2172546
y,1427,2173597
y,1419,2173610
z,1445,2175268
z,1309,2175578
z,1309,2175619
z,1427,2176061
z,1546,2176106
z,1427,2176107
z,1427,2176117
z,1427,2176161
z,1445,2176162
y,1331,2176860
y,1419,2176875
i,1427,2179472
i,1309,2179499
i,1419,2179501
i,1427,2179502
g,1331,2180919
r,1427,2180936
g,1309,2181048
g,1445,2181069
g,1427,2181660
g,1445,2181663
g,1427,2181694
r,1427,2183148
r,1309,2184455
r,1419,2184491
u,1427,2185173
u,1419,2185231
u,1419,2185282
u,1331,2185284
g,1309,2187601
i,1419,2189953
z,1331,2190291
z,1309,2190333
i,1546,2191196
z,1309,2191831
y,1427,2192428
y,1309,2192431
z,1427,2192927
z,1445,2192977
z,1427,2192978
z,1419,2192979
y,1331,2193446
y,1331,2193532
y,1427,2193533
i,1427,2194161
i,1419,2194162
i,1445,2194208
i,1427,2194209
i,1331,2194211
i,1427,2194217
i,1419,2194218
i,1331,2194254
i,1309,2194255
r,1427,2194853
r,1427,2196672
r,1427,2197977
y,1427,2200525
r,1427,2203778
i,1331,2203883
z,1309,2204769
z,1309,2204819
r,1331,2205060
r,1309,2205164
r,1427,2211042
i,1427,2212007
i,1427,2212034
i,1419,2212035
r,1419,2212868
g,1427,2213325
g,1427,2213375
g,1309,2214643
g,1309,2214676
y,1427,2215784
u,1309,2216687
u,1427,2216693
y,1445,2218247
y,1419,2218248
r,1419,2218479
r,1419,2218527
r,1427,2219697
i,1331,2221032
i,1331,2221075
i,1427,2222545
i,1445,2222546
i,1419,2222547
i,1445,2222583
i,1427,2222584
i,1419,2222586
z,1427,2224679
z,1445,2224680
z,1419,2224711
z,1427,2224712
r,1546,2229544
r,1419,2229615
r,1427,2229616
r,1445,2229617
r,1427,2229640
i,1309,2230287
z,1427,2232352
z,1427,2232392
z,1419,2232393
u,1331,2233817
g,1427,2237244
g,1445,2237245
g,1427,2237284
i,1331,2238081
i,1309,2239620
z,1309,2240148
z,1309,2240183
y,1419,2241020
y,1427,2241023
y,1309,2241024
y,1331,2241025
i,1427,2242092
i,1427,2242127
y,1427,2245151
y,1419,2245152
u,1427,2248373
r,1419,2249223
r,1427,2249225
r,1309,2249226
r,1331,2250028
z,1309,2258002
y,1331,2261990
y,1427,2261998
y,1427,2263722
y,1419,2263723
y,1309,2268031
y,1427,2268032
y,1309,2269794
y,1427,2269795
r,1445,2343863
r,1445,2343901
r,1427,2343949
r,1427,2343980
r,1309,2345926
i,1445,2346896
u,1309,2347694
u,1419,2347695
u,1427,2347696
i,1309,2348729
i,1427,2348731
i,1427,2348757
r,1427,2351761
r,1546,2351762
r,1331,2351798
r,1427,2351799
y,1331,2352781
y,1331,2354867
y,1309,2354874
y,1427,2357446
y,1427,2359388
z,1331,2360601
r,1427,2361016
r,1427,2361054
r,1419,2361055
u,1445,2362595
u,1427,2362608
u,1309,2362611
g,1546,2362794
g,1427,2363956
g,1309,2363992
g,1331,2363993
g,1419,2363994
g,1427,2363995
g,1309,2367699
i,1331,2369313
i,1309,2369324
i,1445,2369341
i,1331,2369343
i,1309,2369354
i,1419,2369401
i,1427,2369402
i,1546,2369403
i,1427,2369429
i,1427,2369463
i,1546,2369485
i,1427,2369490
y,1331,2371507
y,1309,2371540
y,1427,2371542
y,1427,2373551
r,1427,2376936
r,1445,2378656
r,1427,2379304
z,1427,2379631
z,1445,2379632
r,1331,2380166
r,1427,2382010
r,1309,2382035
r,1427,2382048
r,1419,2382049
u,1427,2382917
r,1419,2382977
u,1309,2383867
u,1331,2383884
r,1427,2385561
z,1427,2386482
z,1309,2386899
z,1427,2387358
z,1427,2387388
z,1445,2387389
z,1419,2387419
z,1427,2387421
z,1427,2387445
z,1419,2387448
y,1427,2389580
z,1419,2390049
z,1419,2390088
z,1309,2391058
z,1427,2391896
z,1445,2391897
z,1427,2391944
i,1331,2393412
i,1427,2393626
i,1331,2393635
i,1445,2393659
i,1427,2393660
i,1546,2393664
r,1331,2395352
r,1309,2395763
r,1427,2395765
r,1309,2395795
r,1427,2395808
r,1566,2395810
r,1445,2395853
r,1331,2395857
r,1331,2395894
g,1427,2396840
g,1546,2396871
g,1427,2396872
r,1309,2397497
i,1331,2400317
i,1309,2400346
i,1309,2400354
i,1309,2400388
u,1427,2400857
u,1419,2400917
u,1427,2402419
i,1419,2403480
i,1427,2403483
i,1445,2403528
i,1427,2403532
i,1419,2403553
g,1427,2404056
g,1331,2404057
g,1309,2404058
g,1427,2404114
g,1419,2404166
i,1419,2404883
i,1427,2405824
i,1427,2405868
i,1445,2405869
r,1419,2406455
r,1419,2406502
z,1331,2408009
z,1427,2408020
z,1331,2408039
z,1427,2408050
y,1419,2408872
y,1309,2408873
y,1427,2408884
y,1427,2410561
y,1427,2411313
y,1419,2411317
y,1427,2412961
y,1546,2412962
z,1309,2414014
z,1419,2414454
z,1546,2414491
z,1427,2414735
z,1427,2414774
y,1309,2415211
y,1331,2415212
i,1445,2421651
i,1445,2421687
i,1427,2421698
i,1427,2421764
i,1309,2423090
r,1427,2423655
z,1445,2424989
z,1427,2425000
z,1427,2425035
y,1419,2426590
y,1427,2427470
y,1445,2428017
y,1427,2428018
z,1546,2429634
z,1419,2429725
z,1419,2429816
z,1309,2430431
z,1331,2430432
z,1309,2430481
z,1331,2430482
z,1427,2430798
z,1427,2430843
r,1445,2432408
r,1427,2432446
r,1427,2432472
r,1331,2432510
g,1309,2435293
g,1309,2435339
i,1419,2437925
i,1427,2437926
i,1427,2437959
i,1445,2437961
i,1331,2437963
g,1427,2441332
g,1427,2441364
r,1427,2441817
r,1309,2442071
y,1331,2447472
y,1309,2447473
y,1427,2447509
y,1427,2447515
